,"BPG, Netherlands",This is a Premium Listing. Clients tend to see 2x+ referral traffic after upgrading. Try it out for a month and see.
PamGene,"'s-Hertogenbosch, Netherlands","Kinase activity profiling services, nuclear receptor assays, biomarker discovery"
Lava Therapeutics,"â€™S-HERTOGENBOSCH, Netherlands",Bi-specific Antibodies
AbGenomics,"Alkmaar, Netherlands",Antibody Therapeutics
Pharmathen,"Amstelveen, Netherlands",Generics
A-Mansia Biotech,"Amsterdam, Netherlands",Microbiome Therapies
Agendia,"Amsterdam, Netherlands",Breast Cancer Assay
AngioDynamics,"Amsterdam, Netherlands",Array of Medical Devices
Ardena,"Amsterdam, Netherlands",Enhancing Solubility via Formulation Development
AtriCure,"Amsterdam, Netherlands",Cardiovascular Devices
Audion Therapeutics,"Amsterdam, Netherlands",Hearing loss therapies
Avantium Pharma,"Amsterdam, Netherlands",Contract R & D
Hill-Rom,"Amsterdam, Netherlands",Medical Devices
Kiadis Pharma,"Amsterdam, Netherlands",Stem Cell Treatment
Kite Pharma,"Amsterdam, Netherlands","Engineered Autologous T Cell Therapy, CAR-T"
Lumenis,"Amsterdam, Netherlands",Energy-based medical treatments
Norgine,"Amsterdam, Netherlands",Specialty Pharma
Sanquin,"Amsterdam, Netherlands","Contract manufacturing, diagnostics services, cell therapy lab"
St. Jude Medical,"Amsterdam, Netherlands",Surgical and Medical Devices
SynCo Bio Partners,"Amsterdam, Netherlands",Contract Manufacturing
uniQure,"Amsterdam, Netherlands",Gene Therapy
Ardena,"Assen, Netherlands",Enhancing Solubility via Formulation Development
Bilthoven Biologicals,"Bilthoven, Netherlands",Vaccines
Famar,"Bladel, Netherlands",Contract Manufacturing
Aspen Pharmacare,"Boxtel, Netherlands",Small Molecules
argenx,"Breda, Netherlands",Antibody therapies
AM-Pharma,"Bunnik, Netherlands",Alkaline Phosphatase
Applikon Biotechnology,"Delft, Netherlands",Bioprocessing Equipment
Biocartis,"Eindhoven, Netherlands",Molecular Diagnostics
EmulTech,"Eindhoven, Netherlands",Reproducible and scalable microparticle formation technology
Cogentix Medical,"Geleen, Netherlands",Medical Devices
Eurosequence,"Groningen, Netherlands","Sequencing, Services"
InnoCore Pharmaceuticals,"Groningen, Netherlands",Bioresorbable polymers
QPS,"Groningen, Netherlands",Clinical Research
Vicinivax,"Groningen, Netherlands",Cancer vaccine
Abbott Vascular,"Heerlen, Netherlands",Drug-Eluting Stents
Spectranetics,"LA Leusden, Netherlands",Single-use cardiovascular medical devices
NuGEN Technologies,"Leek, Netherlands","RNA, DNA sample prep"
Amylon,"Leiden, Netherlands",RNA-based therapies
Batavia Biosciences,"Leiden, Netherlands",Early Stage Product Development Services
BBB Therapeutics,"Leiden, Netherlands",Drug Delivery
Charles River Laboratories,"Leiden, Netherlands",Research Animal Models and Preclinical Research
DCPrime,"Leiden, Netherlands",Immunotherapy
Galapagos,"Leiden, Netherlands",Drug & Antibody Therapy Discovery
ImmuneTune,"Leiden, Netherlands",Personalized DNA-based Vaccines
ISA Pharmaceuticals,"Leiden, Netherlands",Synthetic therapeutic vaccines
Ncardia,"Leiden, Netherlands",Stem Cell-related Services & Products
OcellO,"Leiden, Netherlands",3D tissue model screening
Pharming Group,"Leiden, Netherlands",Biologics
ProQR Therapeutics,"Leiden, Netherlands",Oligonucleotide Therapy
ProteoNic,"Leiden, Netherlands",Recombinant Protein Production Improvement
VarmX,"Leiden, Netherlands",Biologics
Xendo,"Leiden, Netherlands",Bio / Pharm Services
Pepscan Therapeutics,"Lelystad, Netherlands",Peptide Therapies
CiMaas,"Maastricht, Netherlands",Cellular Immunotherapy
Cristal Therapeutics,"Maastricht, Netherlands",Polymer-encased Drugs
PharmaCell,"Maastricht, Netherlands",Contract Cellular Manufacturing
Astellas,"Meppel, Netherlands",Small Molecules
NorthSea Therapeutics,"Naarden, Netherlands",Small Molecule
EndoStim,"Nijmegen, Netherlands",GERD treatment device
InteRNA Technologies,"Nijmegen, Netherlands",MiRNA Therapeutics
MercaChem,"Nijmegen, Netherlands",Drug Discovery Contract Research
Spinnovation Biologics,"Nijmegen, Netherlands",Bioanalysis
Synthon,"Nijmegen, Netherlands",Small Molecules
Acerta Pharma,"Oss, Netherlands",Small Molecules
Aduro Biotech,"Oss, Netherlands","Immunotherapy, Adjuvant"
APO-T,"Oss, Netherlands",Antibody Drug Conjugates for cancer
Aspen Pharmacare,"Oss, Netherlands",Small Molecules
Glycostem,"Oss, Netherlands","Cellular Immunotherapy, Growth Medium"
Synaffix,"Oss, Netherlands",Antibody-drug combination
Mallinckrodt,"Petten, Netherlands",Medical Devices
Immunovo,"s-Hertogenbosch, Netherlands",Immunotherapy
Hycult Biotech,"Uden, Netherlands",Research Reagents
SanBio BV,"Uden, Netherlands",Antibodies
Gadeta,"Utrecht, Netherlands",T Cell Therapy
Genmab,"Utrecht, Netherlands",Biologics
InteRNA Technologies,"Utrecht, Netherlands",MiRNA Therapeutics
Merus,"Utrecht, Netherlands",Immuno-Oncology
Teleflex Medical,"Vianen, Netherlands",Surgical and Medical Devices
KeyGene,"Wageningen, Netherlands",Plant Breeding & Molecular Genetic Services
Alcami,"Weert, Netherlands",Chemistry Outsourcing
Mallinckrodt,"Zaltbommel, Netherlands",Medical Devices
IlluminOss Medical,"Zwijndrecht, Netherlands",Photodynamic Bone Stabilization System
Xenikos,"Nijmegen, Netherlands",Toxin-loaded T Cell Antibodies
